<?xml version="1.0" encoding="UTF-8" standalone="yes"?>
<addon id="plugin.video.watchnixtoons2" name="WatchNixtoons2" version="0.1.0" provider-name="doko">
    <requires>
        <import addon="xbmc.python" version="2.19.0"/>
        <import addon="script.module.requests"/>
        <import addon="script.module.beautifulsoup4"/>
    </requires>
    <extension point="xbmc.python.pluginsource" library="Default.py">
        <provides>video</provides>
    </extension>
    <extension point="xbmc.addon.metadata">
        <summary lang="en">WatchNixtoons2</summary>
        <description lang="en">
Watch cartoons and anime from [COLOR khaki][B]WatchCartoonOnline.io[/B][/COLOR].

Support WatchCartoonOnline with a PayPal donation to:
[COLOR lavender][B]wcohelp@yandex.com[/B][/COLOR]

Add-on by doko.</description>
        <platform lang="en">all</platform>
        <disclaimer lang="en">The authors of this addon do not host any of the content found or have any affiliation with the content providers. This add-on only scrapes web pages.</disclaimer>
    </extension>
</addon>