<?xml version="1.0" encoding="UTF-8" standalone="yes"?>
<addon id="plugin.video.watchnixtoons2" name="WatchNixtoons2" version="0.1.0" provider-name="doko, Nixgates, Dandy">
  <requires>
    <import addon="xbmc.python" version="2.19.0"/>
    <import addon="script.module.requests" />
    <import addon="script.module.beautifulsoup4"/>
  </requires>
  <extension point="xbmc.python.pluginsource" library="default.py">
    <provides>video</provides>
  </extension>
  <extension point="xbmc.addon.metadata">
    <summary lang="en">WatchNixtoons2</summary>
    <description lang="en">Watch cartoons and anime from [B]WatchCartoonOnline.io[/B].[CR][CR]Support WatchCartoonOnline with a PayPal donation to:[CR][COLOR khaki][B]wcohelp@yandex.com[/B][/COLOR][CR][CR]Add-on by doko.</description>
    <disclaimer lang="en"></disclaimer>
    <platform>all</platform>
    <disclaimer lang="en">The authors of this addon do not host any of the content found or have any affiliation with the content providers. This add-on only scrapes web pages.</disclaimer>
    <assets>
        <icon>icon.png</icon>
        <fanart>fanart.jpg</fanart>
    </assets>
  </extension>
</addon>